id,text,engagement,tier,retweet_count,like_count,followers,verified,created_at,dataset
1574374700834340865,"bank melli of iran has been hacked by #anonymous 
the attacks continue as the protests grow. for the people of #iran, we are proud of you. #mahsaaminii #hananehkian #iranprotests2022 #iranrevolution https://t.co/pqykoplnuv",10.356408601800586,viral,48,106,451,0.0,2022-09-26 12:25:53,mahsa_amini
1572607770947362816,"Ù¾Ø´Ù…Ø§Ù…Ù…Ù…Ù…Ù…Ù…Ù…Ù…Ù…
#Ù…Ù‡Ø³Ø§_Ø§Ù…ÛŒÙ†ÛŒ #mahsaaminii https://t.co/f4j4estf17",10.669769017083574,viral,94,150,264,0.0,2022-09-21 15:24:44,mahsa_amini
1573539636118315008,"#Ù…Ù‡Ø³Ø§_Ø§Ù…ÛŒÙ†ÛŒ 
#mahsaaminii 
#oplran 
#Ø²Ù†_Ø²Ù†Ø¯Ú¯ÛŒ_Ø¢Ø²Ø§Ø¯ÛŒ https://t.co/jdwenec5wy",14.278096745882149,viral,806,1967,174,0.0,2022-09-24 05:07:38,mahsa_amini
1574525336498610177,"Ø¯Ø± Ù…Ø¨Ø§Ø±Ø²Ù‡ Ø¹Ù„ÛŒÙ‡ Ø­Ø¬Ø§Ø¨ Ú©Ø´ØªÙ‡ Ø¨Ø´ÙˆÛŒ Ùˆ Ø³Ø± Ø¢Ø®Ø± Ø¨Ø§ Ø­Ø¬Ø§Ø¨ Ùˆ Ø¨Ø§ Ø¹Ú©Ø³ Ø¨Ø§ Ø­Ø¬Ø§Ø¨ Ø¨Ù‡ Ø®Ø§Ú© Ø¨Ø³Ù¾Ø§Ø±Ù†Ø¯Øª. Ø¸Ù„Ù… Ùˆ ØªØ¶Ø§Ø¯ Ø¹Ù…ÛŒÙ‚ Ùˆ Ø±ÛŒØ´Ù‡â€ŒØ¯Ø§Ø± Ú†Ù†ÛŒÙ† ØªØ§ Ú©ÛŒØŸ ØªØ§Ø¬ÛŒÚ©â€ŒÙ‡Ø§ Ø²Ù†â€ŒÙ‡Ø§ Ø­ØªÛŒ Ø§Ø¬Ø§Ø²Ù‡ Ø­Ø¶ÙˆØ± Ø¯Ø± Ù„Ø­Ø¸Ù‡ Ø®Ø§Ú©Ø³Ù¾Ø§Ø±ÛŒ Ø±Ø§ Ù†Ø¯Ø§Ø±Ù†Ø¯ Ùˆ Ù…Ø±Ø¯Ù‡Ø§ Ø­Ø¶ÙˆØ± Ø¯Ø± Ù„Ø­Ø¸Ù‡ ØªÙˆÙ„Ø¯ Ø±Ø§. Ø­ØªÛŒ Ø§Ú¯Ø± ÙØ±Ø²Ù†Ø¯ Ø®ÙˆØ¯Øª Ø¨Ø§Ø´Ø¯. 

 #Ù…Ù‡Ø³Ø§_Ø§Ù…ÛŒÙ†ÛŒ #mahsaaminii #opiran",10.301995180076794,viral,55,265,18096,0.0,2022-09-26 22:24:28,mahsa_amini
1573728295253942273,"ğŸ”´Ø¹Ø§Ø¬Ù„! Ø§Ù„Ù…ØªØ¸Ø§Ù‡Ø±ÙˆÙ† ÙŠÙ…Ø²Ù‚ÙˆÙ† ØµÙˆØ± Ø®Ø§Ù…Ù†Ø¦ÙŠ ÙˆÙ‡Ù… ÙŠÙ‡ØªÙÙˆÙ† ""Ø§Ù„Ù…ÙˆØª Ù„Ù„Ø¯ÙŠÙƒØªØ§ØªÙˆØ±"" ÙÙŠ Ù…Ø¯ÙŠÙ†Ø© Ø¨Ø§Ø¨Ù„ØŒ Ø¥ÙŠØ±Ø§Ù†. #Ù…Ù‡Ø³Ø§_Ø§Ù…ÛŒÙ†ÛŒ #mahsaaminii https://t.co/wa3kas4ypk",15.648007858170931,viral,296,1168,44807,1.0,2022-09-24 17:37:18,mahsa_amini
1574363424078893058,"ä¼Šæœ—äººæ²¡æœ‰å› ä¸ºè¢«æ€çš„ #mahsaaminii æ˜¯å—ä¼Šæœ—æ”¿åºœå‹è¿«çš„åº“å°”å¾·äººè€Œä¸ºæ”¿åºœæ‹æ‰‹å«å¥½ã€‚ä¼Šæœ—äººä¸ºäº†å¥¹ç«™ä¸Šäº†è¡—å¤´ã€‚è€Œæˆ‘ï¼Œä¸€ä¸ªç»´å¾äººï¼Œåœ¨æˆ‘å®¶äººå’Œå…¶å®ƒä¸Šç™¾ä¸‡ç»´å¾å°”äººæ¯å¤©éƒ½åœ¨é›†ä¸­è¥é‡Œè¢«è™å¾…æ—¶ï¼Œæˆ‘ç»å†çš„æ˜¯ä¸­å›½äººåœ¨å¾®åšä¸Šé“ºå¤©ç›–åœ°å¯¹é›†ä¸­è¥çš„èµç¾å’Œæ‹æ‰‹å«å¥½ã€‚
äººæ ¼ï¼Œå½“ç„¶æ˜¯åˆ†ä¸‰å…­ä¹ç­‰çš„ã€‚",15.462099736029167,viral,184,1274,11179,0.0,2022-09-26 11:41:05,mahsa_amini
1574472356583673882,"itâ€™s about having a choice! 
#mahsaaminii 
#opiran 
#Ø§Ø¹ØªØµØ§Ø¨Ø§Øª_Ø³Ø±Ø§Ø³Ø±ÛŒ 

art by: dina saurus https://t.co/xa1vglxgbw",11.403556927914865,viral,82,119,54,0.0,2022-09-26 18:53:56,mahsa_amini
1574118157299875840,"hiÃ§bir ÅŸey kadÄ±nÄ±n Ã¶fkesi kadar gÃ¼Ã§lÃ¼ deÄŸildir.

#karanlÄ±ÄŸÄ±yenecekler
#yanÄ±ndayÄ±m
#iranprotests2022 
#mahsaaminii https://t.co/7x0uqjsam6",11.123727329325936,viral,109,307,17252,0.0,2022-09-25 19:26:29,mahsa_amini
1572612013972492289,"dear @elonmusk ,
we the people of iran need your satellite internet, the iranian regime wants to massacre our people in secret.
#mahsaaminii 
#Ù…Ù‡Ø³Ø§_Ø§Ù…ÛŒÙ†ÛŒ https://t.co/w1n9c0vzqq",10.869101639741373,viral,66,111,1453,0.0,2022-09-21 15:41:36,mahsa_amini
1572674287051460609,"social media reports indicate that protests following #mahsaamini's death are ongoing and have now occurred in 24 of #iran's 31 provinces. a thread: 1/6 #Ù…Ù‡Ø³Ø§_Ø§Ù…ÛŒÙ†ÛŒ #iranprotests #mahsaaminii 

[interactive graphics here: https://t.co/jjegbreb3u] https://t.co/qgmsljrz0e",14.970762125745214,viral,226,665,55187,0.0,2022-09-21 19:49:03,mahsa_amini
1574339627950948357,"meanwhile in london
spy of fucking mullah regime under attack  #freeiran ! #endiranregime
#iranrevolution #mahsa_amini #mahsaaminii #iranprotests #opiran #iranrevolution2022 #iranianlivesmatter #iranprotests2022 #kopftuch https://t.co/r4nfsresw2",10.226874549608686,viral,48,140,12019,0.0,2022-09-26 10:06:31,mahsa_amini
1574682268131790849,"iran has been alone for a long time.
#Ù…Ù‡Ø³Ø§_Ø§Ù…ÛŒÙ†ÛŒ 
#mahsaaminii https://t.co/1chdozjzql",10.873887610057315,viral,64,115,3,0.0,2022-09-27 08:48:03,mahsa_amini
1574794192131432448,"Ø²Ù†Ø§Ù† Ø§Ø³Ø±Ø§Ø¦ÛŒÙ„ÛŒ Ø¯Ø± Ú©Ù†Ø§Ø± Ø²Ù†Ø§Ù† Ø§ÛŒØ±Ø§Ù†ÛŒ Ø§ÛŒØ³ØªØ§Ø¯Ù‡â€ŒØ§Ù†Ø¯

israeli women stand with iranian women 

#Ù…Ù‡Ø³Ø§_Ø§Ù…ÛŒÙ†ÛŒ
#mahsaaminii https://t.co/kk7ra4eloy",19.93920460184803,viral,1252,3717,418098,1.0,2022-09-27 16:12:48,mahsa_amini
1574659112905875456,"she was shot dead by security forces while protesting the murder of #mahsaamini in mazandaran, iran. she was 23 years old #mahsaaminii #iranprotests #woman 

#Ù…Ù‡Ø³Ø§_Ø§Ù…ÛŒÙ†ÛŒ #mahsa_amini
#mahsaamini https://t.co/wsniaknghm",16.632198458885362,viral,595,1168,77371,1.0,2022-09-27 07:16:02,mahsa_amini
1573808466849841153,"Ø¨Ø±Ø§ÛŒ Ú¯Ø±ÛŒÙ‡ Ù‡Ø§ÛŒ Ø®Ø§Ù†ÙˆØ§Ø¯Ù… Ø¯Ø± Ø¯Ø±Ø¨ Ø²Ù†Ø¯Ø§Ù†ğŸ’”
#mahsaaminii #Ù…Ù‡Ø³Ø§_Ø§Ù…ÙŠÙ†ÙŠ #mahsa_aminii",12.942662383932955,viral,139,745,8947,0.0,2022-09-24 22:55:53,mahsa_amini
1573432314465603597,"ğŸ¥Ø±Ø§Ø¬Ø± ÙˆØ§ØªØ±Ø²: Ù…Ù‡Ø³Ø§ Ø§Ù…ÛŒÙ†ÛŒ Ù…Ø«Ù„ Ø®ÙˆØ§Ù‡Ø± Ù…Ù† Ø§Ø³Øª

#Ø±Ø§Ø¬Ø±_ÙˆØ§ØªØ±Ø² Ø®ÙˆØ§Ù†Ù†Ø¯Ù‡ Ù…Ø´Ù‡ÙˆØ± Ø¨ÛŒÙ†â€ŒØ§Ù„Ù…Ù„Ù„ÛŒ Ø¨Ø§ Ø§Ù†ØªØ´Ø§Ø± ÛŒÚ© ÙˆÛŒØ¯ÛŒÙˆ Ø§Ø² Ø®ÙˆØ¯ Ø§Ø² Ù…Ø¹ØªØ±Ø¶Ø§Ù† Ø¨Ù‡ Ù‚ØªÙ„ #Ù…Ù‡Ø³Ø§_Ø§Ù…ÛŒÙ†ÛŒ Ø­Ù…Ø§ÛŒØª Ú©Ø±Ø¯. Ù‚Ø±Ø§Ø± Ø§Ø³Øª Ø¢Ù‚Ø§ÛŒ ÙˆØ§ØªØ±Ø² ØªØ§ Ú†Ù†Ø¯ Ø³Ø§Ø¹Øª Ø¯ÛŒÚ¯Ø± Ø¯Ø± Ú©Ù†Ø³Ø±ØªÛŒ Ú©Ù‡ Ø¯Ø± Ø³Ø§Ù†ÙØ±Ø§Ù†Ø³ÛŒØ³Ú©Ùˆ Ø¨Ø±Ú¯Ø²Ø§Ø± Ù…ÛŒâ€ŒÚ©Ù†Ø¯ Ø¯Ø±Ø¨Ø§Ø±Ù‡ Ù…Ù‡Ø³Ø§ ØµØ­Ø¨Øª Ú©Ù†Ø¯.
  #Ø§Ø¹ØªØ±Ø§Ø¶Ø§Øª_Ø³Ø±Ø§Ø³Ø±ÛŒ #mahsaaminii https://t.co/cvlleas9nd",14.88050815036148,viral,200,450,60441,0.0,2022-09-23 22:01:11,mahsa_amini
1574428544633028609,"a message from #anonymous to the people of #iran, the regime and the fellow countries worried about this situation. #opiran #mahsaaminii #iranrevolution2022 #iranprotests2022 
#freeiran 
we are anonymous, we are legion, we do not forgive, we do not forget
 https://t.co/k2mbf3hpuh",10.059208427532903,viral,40,94,451,0.0,2022-09-26 15:59:51,mahsa_amini
1572638693185458176,"kadin isyan bayraÄŸi
her yasak, kendi isyancÄ±sÄ±nÄ± yaratÄ±r.
iran'da kadÄ±nlar ayaklandÄ±; rejimin ahlak polisi, 22 yaÅŸÄ±ndaki mahsa amini'yi, ""baÅŸÃ¶rtÃ¼sÃ¼ kurallarÄ±na uymadÄ±ÄŸÄ±"" gerekÃ§esiyle dÃ¶verek Ã¶ldÃ¼rdÃ¼.
hayatÄ±mda hiÃ§ bu kadar etkileyici gÃ¶rsel gÃ¶rmedim
#mahsaaminii #iran @serefoguz https://t.co/g83cjfxx8n",10.337864004138712,viral,31,192,68352,0.0,2022-09-21 17:27:37,mahsa_amini
1573626209510064129,"ÛŒÚ©ÛŒ Ø§Ø² Ù…Ø­Ø§Ø³Ù† Ø§ÛŒÙ† Ø§Ù†Ù‚Ù„Ø§Ø¨ Ø§ÛŒÙ† Ø§Ø³Øª Ú©Ù‡ Ø¨Ø±Ø§ÛŒ Ù…Ø´Ø§Ø±Ú©Øª Ø¯Ø± Ø¢Ù† Ù†ÛŒØ§Ø²ÛŒ Ù†ÛŒØ³Øª Ø¯Ù„Ø§ÛŒÙ„ Ù‚Ø¨Ø¶ Ùˆ Ø¨Ø³Ø· Ø´Ø±ÛŒØ¹ØªØŒ ÛŒØ§ ØªÙ…Ø§ÛŒØ²Ø§Øª Ù…ØµØ¯Ù‚ Ø¨Ø± Ú©Ø§Ø´Ø§Ù†ÛŒ ÛŒØ§ ØªÙØ§ÙˆØª Ù†Ú¯Ø±Ø´Ù‡Ø§ Ø¯Ø± Ù¾Ù„Ù†ÙˆÙ… Ø§ÙˆÙ„ Ùˆ Ù‡ÙØªÙ… Ø±Ø§ Ø¨Ø¯Ø§Ù†ÛŒØ¯. Ù…ÛŒâ€ŒØ±ÙˆÛŒØ¯ ØªÙˆÛŒ Ø®ÛŒØ§Ø¨Ø§Ù† Ùˆ Ø§Ù†Ù‚Ù„Ø§Ø¨ Ù…ÛŒâ€ŒÚ©Ù†ÛŒØ¯ØŒ Ù‡Ù…ÛŒÙ†!
#Ù…Ù‡Ø³Ø§_Ø§Ù…ÛŒÙ†ÛŒ 
#mahsaaminii",12.857678823145246,viral,186,512,11456,0.0,2022-09-24 10:51:39,mahsa_amini
1572651306044514304,ÛŒØ§Ø¯ØªÙˆÙ†Ù‡ Ø¯Ø± Ø§Ø¹ØªØ±Ø§Ø¶Ø§Øª Ù‚Ø¨Ù„ Ù†Ø´ÙˆÙ† Ù…ÛŒØ¯Ø§Ø¯Ù† Ø³ØªÙˆÙ† Ù†ÛŒØ±ÙˆÙ‡Ø§ÛŒ Ú¯Ø§Ø±Ø¯ ÙˆÛŒÚ˜Ù‡ Ø¨Ù‡ Ø³Ù…Øª Ø§ØµÙÙ‡Ø§Ù† ÛŒØ§ Ø§Ù‡ÙˆØ§Ø² Ù…ÛŒØ±Ù† ØŸ Ø§Ù„Ø§Ù† Ø¯ÛŒÚ¯Ù‡ Ù†Ù…ÛŒØªÙˆÙ†Ù† Ú†Ù†ÛŒÙ† Ù†ÛŒØ±ÙˆÛŒÛŒ Ø¬Ù…Ø¹ Ú©Ù†Ù† Ú†ÙˆÙ† ØªÙ…Ø§Ù… Ø§ÛŒØ±Ø§Ù† ØµØ­Ù†Ù‡ Ù†Ø¨Ø±Ø¯ Ø´Ø¯Ù‡ ØŒ Ø§ÛŒÙ†Ù‚Ø¯Ø± Ù†ÛŒØ±Ùˆ Ù†Ø¯Ø§Ø±Ù† Ú©Ù‡ Ù‡Ù…Ù‡ Ø¬Ø§ Ø±Ùˆ Ø³Ø±Ú©ÙˆØ¨ Ú©Ù†Ù† Ø®Ø§ØµÙ‡ Ø¨Ø± Ø§ÛŒÙ†Ú©Ù‡ Ø®ÛŒÙ„ÛŒ Ù‡Ø§Ø´ÙˆÙ† Ù‡Ù… Ø¯Ù„Ø´ÙˆÙ† Ù†Ù…ÛŒØ®ÙˆØ§Ø¯ Ø¯Ø±Ú¯ÛŒØ± Ø¨Ø´Ù† . #Ù…Ù‡Ø³Ø§Ø§Ù…ÛŒÙ†ÛŒ #mahsaaminii,10.261092064292793,viral,78,180,3644,0.0,2022-09-21 18:17:44,mahsa_amini
1574826447314862081,"demonstrations have spread to #iranâ€™s 31 provinces and almost all urban centres, pitting protesters against regime forces and military posing the most serious threat to the #iran authority in more than 13 years #iranrevolution #opiran
#mahsaaminii
#Ù…Ù‡Ø³Ø§_Ø§Ù…ÛŒÙ†ÛŒ
#Ø§Ø¹ØªØµØ§Ø¨Ø§Øª_Ø³Ø±Ø§Ø³Ø±ÛŒ https://t.co/rfvuwiqkba",12.841505963899646,viral,151,275,1545,0.0,2022-09-27 18:20:58,mahsa_amini
1572648821569748994,"hello, iranian girls are arrested and killed by moral security police for not wearing hijab.  mahsa (jina) amini was a 22-year-old iranian girl who died after being arrested and suffered a brain injury. we need your help #mahsaaminii #Ù…Ù‡Ø³Ø§_Ø§Ù…ÛŒÙ†ÛŒ https://t.co/gvjue8frgh",10.174277757317691,viral,75,114,39,0.0,2022-09-21 18:07:52,mahsa_amini
1573742521527767040,"the #iranprotestsğŸ‡®ğŸ‡· seems to be escalating in a daily basis; the #iranian regime has been taken by surprise by their own enraged citizens over the brutal killing of the iranian girl #mahsaaminii.

#iranprotests2022 #iranrevolution https://t.co/xkav7srs49",13.772448556500674,viral,188,361,219248,1.0,2022-09-24 18:33:50,mahsa_amini
1574022944912805889,"mahsa aminii'nin arkadaÅŸlarÄ± o'nun iÃ§in sÃ¶ylÃ¼yor. 
Ã§aw bella..âœŒï¸
#mahsaaminii #iranianwomen https://t.co/tbxsbjtvfq",11.848654568393496,viral,86,267,14580,0.0,2022-09-25 13:08:08,mahsa_amini
1572691010173693954,"iranian people have been cut off from the internet after days of protests. #internetshutdown

as a global community, we need to bear their voices. #mahsaaminii's story needs to be heard more than ever. here's a thread :
https://t.co/xmtg8qh5ek",11.446443723669397,viral,171,135,23339,0.0,2022-09-21 20:55:30,mahsa_amini
1573750649300439042,"Ø¯ÛŒÚ¯Ù‡ Ø¯Ø§Ø±Ù… Ù†Ù…ÛŒØªÙˆÙ†Ù… Ù…Ø§Ù…Ø§Ù†Ù… Ú©Ù†Ø§Ø±Ù… Ù†Ø´Ø³Ù‡ Ø¯Ø§Ø±Ù‡ Ù…ÛŒÚ¯Ù‡ Ø§Ø±Ù‡ Ù¾Ø§Ø±Ø³Ø§Ù„ Û¸Û° ØªØ§ Ø²Ù† ØªÙˆ Ø¢Ù…Ø±ÛŒÚ©Ø§ Ú©Ø´ØªÙ‡ Ø´Ø¯Ù† Ù‡ÛŒÚ†Ú©Ø³ Ù…Ø­Ù„ Ù†Ø²Ø§Ø´ØªÙ‡ Ø¨Ù‡ Ù…Ø§ Ú© Ø±Ø³ÛŒØ¯Ù‡ ÛŒÙ‡ Ø¯Ø®ØªØ± Ù…Ø±Ø¯Ù‡ Ø§ÛŒÙ†Ù‡Ù…Ù‡ Ø§ØºØªØ´Ø§Ø´ Ù…ÛŒÚ©Ù†Ù† Ø®Ø³ØªÙ… Ø®Ø³ØªÙ‡Ù‡Ù‡ Ø§Ø² Ø­Ø±ÙØ§Ø´
#opiran 
#mahsaaminii 
#Ø§Ø´Ù†ÙˆÛŒÛ•",14.75462992239445,viral,641,663,955,0.0,2022-09-24 19:06:08,mahsa_amini
1576918855103807488,"the anti-kurdish propaganda media in iran still has been crushed. #anonymous #apoist hacker fights for the women and people's rights in iran. #jinjiyanazadi

#kurd
#bijikurdistan
#longliveapo
#kurdistan
#iranprotest2022
#irib
#opiran 
#mahsaaminii 
#jinelogy
#feminism https://t.co/bn3ulrdbh6",10.565221462390328,viral,72,176,1549,0.0,2022-10-03 12:55:27,mahsa_amini
1574898934031556633,"Ù…Ú¯Ù‡ Ù…ÛŒØ´Ù‡ Ø¯ÛŒØ¯ Ùˆ Ø´Ù†ÛŒØ¯ Ùˆ Ø§Ø´Ú© Ù†Ø±ÛŒØ®Øª ØŸ :)
Ø¨Ø±Ø§ÛŒ Ø¢Ø²Ø§Ø¯ÛŒ ğŸ•ŠğŸ–¤

#Ù…Ù‡Ø³Ø§_Ø§Ù…ÛŒÙ†ÛŒ #Ø§Ø¹ØªØµØ§Ø¨Ø§Øª_Ø³Ø±Ø§Ø³Ø±ÛŒ #mahsaaminii 
Ø´Ø±ÙˆÛŒÙ† Ø­Ø§Ø¬ÛŒ Ù¾ÙˆØ± https://t.co/spccqwac00",12.086613205492846,viral,101,173,1595,0.0,2022-09-27 23:09:00,mahsa_amini
1572623093528502279,"iran'da #mahsaaminii'yi katleden molla rejimi'ne karÅŸÄ± ""saÃ§larÄ±mÄ±z Ã¶zgÃ¼rlÃ¼ÄŸÃ¼mÃ¼zÃ¼ kÄ±sÄ±tlÄ±yorsa keser atarÄ±z"" diyen iranlÄ± kadÄ±nlara taksim istiklal caddesiâ€™nden saÃ§larÄ±mÄ±zÄ± keserek selam yolluyoruz!

dÃ¼nyanÄ±n her yerinde direnen kadÄ±nlara selam olsun!

#mahsaamini
#Ø®Ø·Ø§Ø¨_Ø£Ù…ÙŠØ±_Ù‚Ø·Ø± https://t.co/mogtulagk2",15.478134292824468,viral,231,1336,14351,0.0,2022-09-21 16:25:38,mahsa_amini
1574106379995869185,"iran'da gÃ¼nlerdir sÃ¼ren protesto gÃ¶sterilerinde onlarca kiÅŸi hayatÄ±nÄ± kaybetti, yÃ¼zlerce kiÅŸi yaralandÄ±. buna raÄŸmen insanlar direnmeye ve Ã¶zgÃ¼rlÃ¼k iÃ§in mÃ¼cadeleye devam ediyorlar.
Ã§Ã¼nkÃ¼ inanÄ±yorlar;
#karanlÄ±ÄŸÄ±yenecekler
birlik mÃ¼cadele zaferâœŒï¸
#iranprotests2022 
#mahsaaminii https://t.co/acfexa0uip",13.016789505654376,viral,111,308,5648,0.0,2022-09-25 18:39:41,mahsa_amini
1574351177612943361,this is how you can gear up against the brutal basijis on the streets of iran. #Ù…Ù‡Ø³Ø§_Ø§Ù…ÙŠÙ†ÙŠ #Ø§Ø´Ù†ÙˆÛŒÙ‡ #opiranÙ…Ù‡Ø³Ø§_Ø§Ù…ÛŒÙ†ÛŒ #opiran #iranrevolution #iranprotests #iranianlivesmatter #mahsaaminii #mahsaamani #jinjiyanazadi #azadi #iranianwomenlivesmatter https://t.co/2tlu0jatqj,11.06350846933288,viral,57,109,82,0.0,2022-09-26 10:52:25,mahsa_amini
1573626018996404224,"solidaritÃ¤t mit den #iranprotests2022 und den mutigen frauen, die fÃ¼r freiheit kÃ¤mpfen! menschen, denen im iran misshandlungen oder der tod drohen, brauchen schutz und asyl. die bundesregierung muss abschiebungen in den iran stoppen. 
#mahsaaminii #iran 

https://t.co/a8hcjqw0qi",13.004424079539643,viral,74,394,39042,1.0,2022-09-24 10:50:54,mahsa_amini
1573942387948265472,Ã¤r det inte dags fÃ¶r muslimska kvinnor i sverige att ta av slÃ¶jan i solidaritet med irans modiga frihetskÃ¤mpar? om slÃ¶jan Ã¤r sÃ¥ frivillig bÃ¶r den med lÃ¤tthet kunna kastas? eller stÃ¶ttar svenska muslimer och tv4 irans slÃ¶jtvÃ¥ng? #svpol #migpol #mahsaaminii https://t.co/kfgxwd8w20,17.911337953578663,viral,517,3741,77018,0.0,2022-09-25 07:48:02,mahsa_amini
1574552446172508160,"the propaganda media in iran still has been crushed. #anonymous #apoist hacker fights for the women freedom and people's rights in iran. #jinjiyanazadi

#iranprotest
#parstoday
#irib
#pjak
#longliveapo
#opiran
#itsec 
#itsecurity 
#hactivism
#bijikurdistan
#mahsaaminii 
#jinelogy https://t.co/rz0dxbggok",14.225963207583478,viral,249,669,1549,0.0,2022-09-27 00:12:11,mahsa_amini
1574685451461562373,"ØªØ§ ÛŒØ§Ø¯Ù… Ù†Ø±ÙØªÙ‡! ÙØµÙ„Ø´ Ø¬Ø§Ù‡Ø§ÛŒÛŒ ØªÙ…ÙˆÙ… Ø´Ø¯Ù‡ Ùˆ Ø¬Ø§Ù‡Ø§ÛŒÛŒ Ù‡Ù†ÙˆØ² ÙˆÙ‚Øª Ù‡Ø³Øª! Ø´Ø±Ø§Ø¨ Ø±Ùˆ Ø¨Ù†Ø¯Ø§Ø² Ø§ÛŒØ±ÙˆÙ†ÛŒ!
#Ù…Ù‡Ø³Ø§_Ø§Ù…ÛŒÙ†ÛŒ 
#Ø§Ø¹ØªØµØ§Ø¨Ø§Øª_Ø³Ø±Ø§Ø³Ø±ÛŒ 
#mahsaaminii",12.638309504135767,viral,141,309,5833,0.0,2022-09-27 09:00:42,mahsa_amini
1572656433174564865,"""bir ÅŸey uÄŸruna savaÅŸmak istemiyorum. sadece baÅŸkalarÄ±ndan izin alma gereÄŸi duymadan kendim olabilmek ve istediÄŸimi yapabilmek istiyorum.."" (deborah feldman)

#mahsaaminii https://t.co/jsrjfteflb",13.75129838356981,viral,148,1048,42207,0.0,2022-09-21 18:38:06,mahsa_amini
1573593468655607808,"ÛŒÚ©ÛŒ Ø§Ø² Ø¨Ú†Ù‡ Ù‡Ø§ Ø¯ÛŒØ´Ø¨ Ø¨Ù„ÙˆØ§Ø± Ú©Ø´Ø§ÙˆØ±Ø² Ø¨ÙˆØ¯Ù‡ Ù…ÛŒÚ¯ÛŒ Ø®ÛŒÙ„ÛŒÛŒÛŒÛŒÛŒÛŒ Ø´Ù„ÙˆÙˆÙˆÙˆ Øº Ø¨ÙˆÙˆÙˆØ¯Ø¯Ø¯Ù‡Ù‡ :)))) 
Ø®Ø³ØªÚ¯ÛŒÙ… Ø¯Ø± Ø±ÙØª Ø­Ø§Ø¬ÛŒ ğŸ¥ºğŸ¥ºğŸ˜ğŸ˜

#Ù…Ù‡Ø³Ø§_Ø§Ù…ÛŒÙ†ÛŒ 
#mahsa_amini 
#mahsaaminii",11.150634782245861,viral,112,307,11012,0.0,2022-09-24 08:41:33,mahsa_amini
1572647293958127628,begging for mercy: riot police surrounded by protesters carrying nothing but stones in their hands in sardasht #mahsaaminii #Ù…Ù‡Ø³Ø§_Ø§Ù…ÛŒÙ†ÛŒ https://t.co/5gsylint0q,11.164218690680674,viral,83,209,882,0.0,2022-09-21 18:01:47,mahsa_amini
1573502876168916992,"friday protests in tehranâ€™s sattarkhan neighborhood. protests keep growing despite terrorist police shooting protesters. 

#iranprotests2022 #mahsaaminii #mahsa_amini  #Ù…Ù‡Ø³Ø§_Ø§Ù…ÛŒÙ†ÛŒ #iranrevolution https://t.co/4lyfqp6cen",18.471914852588476,viral,1047,2953,5558498,0.0,2022-09-24 02:41:34,mahsa_amini
1573812187365244937,"Ø®Ø§Ù…Ù†Ù‡ Ø§ÛŒ Ù†Ù…ÛŒØ±ÛŒ Ø§ÛŒÙ† ÙˆØ³Ø· Ù‡Ø§ ØŒ Ø®ÛŒÙ„ÛŒ Ø­Ø³Ø§Ø¨Ù‡Ø§ Ø´Ø®ØµÛŒ Ø­Ù„ Ù…ÛŒØ´Ù‡ ØŒ Ø®ÛŒÙ„ÛŒ Ø®Ø§ Ø·Ù„Ø¨Ú©Ø§Ø±Ù† Ø§Ø²Øª ØŒ Ù†Ù…ÛŒØ±ÛŒ Ú©Ø§Ø±Øª Ø¯Ø§Ø±ÛŒÙ… 
#Ù…Ù‡Ø³Ø§__Ø§Ù…ÛŒÙ†ÛŒ 
#mahsaaminii",13.407259572901982,viral,176,625,401,0.0,2022-09-24 23:10:40,mahsa_amini
1574422771064610817,"for daughters' day, support iranian daughters against violence &amp; oppression by barbaric regime:
- designate iirgc as a terrorist org
- impose sanctions
- ask @meta &amp; all platforms not to censor protest
- stop excusing oppression of women by radical islamists #cdnpoli #mahsaaminii",10.634604664347702,viral,46,220,90062,1.0,2022-09-26 15:36:54,mahsa_amini
1574264739223326720,"each one of you is the voice of the iranian people.ğŸ’š freedom of iranğŸ’š
#mahsaaminii #mahsaamini #iran #Ù…Ù‡Ø³Ø§_Ø§Ù…ÛŒÙ†ÛŒ https://t.co/jyq8msktnm",12.517842269511016,viral,125,270,413,0.0,2022-09-26 05:08:56,mahsa_amini
1574843398145642496,"oggi a #genova. per #mahsaaminii, per tutte e tutti coloro che protestano per la propria libertÃ .

l'attenzione delle istituzioni e dell'opinione pubblica deve essere altissima, su quanto sta avvenendo in #iran. https://t.co/pwq5xtykq4",11.934631308808212,viral,117,645,60606,0.0,2022-09-27 19:28:19,mahsa_amini
1574337496325840897,"the propaganda media in iran still has been crushed. #anonymous #apoist hacker fights for the women freedom and people's rights in iran. #jinjiyanazadi

#parstoday
#irib
#pjak
#longliveapo
#opiran
#itsec 
#itsecurity 
#hactivism
#bijikurdistan
#mahsaaminii 
#jinelogy
#feminism https://t.co/v5sgdgohzr",15.140034031180704,viral,300,960,1549,0.0,2022-09-26 09:58:03,mahsa_amini
1573039216304472065,"Î½Ï„Ï‰Î¼ÎµÏ„Î±Î¾Ï ÏƒÏ„Î¿ #Î¹ÏÎ¬Î½ Ï„Ï‰Î½ Î²Î±Î»ÎºÎ±Î½Î¯Ï‰Î½, Î¿Î¹ Ï€Î¿Î»Î¹Ï„ÏƒÎ¼Î¬Î½Î¿Î¹ ÎºÎ¿Ï€Î±Î½Î¬Î½Îµ Î¹ÏÎ±Î½Î­Ï‚ Îº Î¹ÏÎ±Î½Î¿ÏÏ‚ Ï€Î¿Ï… Ï€Î®Î³Î±Î½ Î½Î± Î´Î¹Î±Î¼Î±ÏÏ„Ï…ÏÎ·Î¸Î¿ÏÎ½ ÎµÎ¹ÏÎ·Î½Î¹ÎºÎ¬ Î­Î¾Ï‰ Î±Ï€ÏŒ Ï„Î·Î½ Ï€ÏÎµÏƒÎ²ÎµÎ¯Î± Ï„Î¿Ï…Ï‚ 

#mahsaaminii  https://t.co/hr1rxpcmyi",14.741584478011166,viral,276,650,6077,0.0,2022-09-22 19:59:09,mahsa_amini
1573382558464745473,"wie alt ist das mÃ¤dchen wohl, dass sich gegen die sittenpolizei widersetzt? #mahsaaminii #iranprotests2022 https://t.co/aknjrw9xcr",12.16668711879588,viral,62,435,48799,1.0,2022-09-23 18:43:28,mahsa_amini
1572645378620538882,"when women &amp;men fight alongside,humanity can achieve the wildest dreams.
#Ù…Ù‡Ø³Ø§_Ø§Ù…ÛŒÙ†ÛŒ 
#mahsaaminii https://t.co/dcgbabbbdv",11.535234751890064,viral,87,165,75,0.0,2022-09-21 17:54:11,mahsa_amini
1573389648231280640,"ÛŒÙ‡ Ø²Ù…Ø§Ù†ÛŒ Ø¹Ù„ÛŒ Ø¢Ù‚Ø§ Ú©Ø±ÛŒÙ…ÛŒ ØªÛŒÙ… Ù…Ù„ÛŒ Ø¨ÙˆØ¯ Ú©Ù‡ ÙˆØ¬ÙˆØ¯Ø´ Ø§Ù†Ù‚Ø¯Ø± Ú¯Ù†Ø¯Ù‡ Ø¨ÙˆØ¯ Ù…ÛŒÚ©Ø´ÛŒØ¯ Ø²Ù…ÛŒÙ† Ù…ÙˆÙ‚Ø¹ Ø¯ÙˆÛŒØ¯Ù†ØŒ Ø§Ù„Ø§Ù†Ù… Ø§ÛŒÙ†Ø§!!
#Ù…Ù‡Ø³Ø§_Ø§Ù…ÛŒÙ†ÛŒ #mahsaaminii",10.140534009019328,viral,64,194,3931,0.0,2022-09-23 19:11:38,mahsa_amini
1574537546348244992,"Ø¨Ú†Ù‡ Ø¯Ù…ØªÙˆÙ† Ú¯Ø±Ù… #Ù…Ù‡Ø³Ø§__Ø§Ù…ÛŒÙ†ÛŒ Ø§Ù„Ø§Ù† Ø±Ú©ÙˆØ±Ø¯ Ù‡Ø´ØªÚ¯ Ø±Ùˆ Ø¯Ø§Ø±Ù‡ ÙˆÙ„ÛŒ Ù…Ø§ Ù…ÛŒØ®ÙˆØ§ÛŒÙ…â€Œ ÙØ±Ø§ ØªØ± Ø§Ø² Ø§ÛŒÙ† Ø¨Ø±ÛŒÙ… Ø¨Ø­Ø« Ú†ÛŒØ² Ø¯ÛŒÚ¯Ø³Øª.
Ø¨ÛŒØ§ Ù‡Ù…ÛŒÙ†Ø¬ÙˆØ± Ø²ÛŒØ± ØªÙˆÛŒÛŒØª Ù‡Ù… Ø¯ÛŒÚ¯Ù‡ Ø±ÛŒØªÙˆÛŒÛŒØª Ùˆ Ù…Ù†Ø´Ù† Ú©Ù†ÛŒÙ… Ù‡Ø´ØªÚ¯Ùˆ
Û±+Û±+Û±+Û±+Û±+Û±+Û±+Û±+Û±+Û±+Û±+Û±=Ù‡Ù…Ù‡
 #mahsaaminii 
#Ù…Ù‡Ø³Ø§Ø§Ù…ÛŒÙ†ÛŒ",10.909984552296432,viral,151,179,260,0.0,2022-09-26 23:12:59,mahsa_amini
1574460665556865051,ğŸ”´Ø¶Ø­ÙŠØ© Ø¬Ø¯ÙŠØ¯Ø© ÙŠÙ‚ØªÙ„Ù‡Ø§ Ø§Ù„Ù†Ø¸Ø§Ù… Ø§Ù„Ø¥ÙŠØ±Ø§Ù†ÙŠ Ø§Ù„Ø¬Ø¨Ø§Ù† Ø§Ù„Ø°ÙŠ ÙŠØ®Ø§Ù Ù…Ù† Ø§Ù„Ù†Ø³Ø§Ø¡ ÙˆÙŠØ³ØªÙ‡Ø¯ÙÙ‡Ù… Ø¨ÙƒÙ„ Ù…Ù†Ø¸Ù…. Ø¥Ø³Ù…Ù‡Ø§ Ø­Ù†Ø§Ù†ÙŠÙ‡ ÙƒÙŠØ§Ù† ÙˆØ¹Ù…Ø±Ù‡Ø§ Ù¢Ù£ Ø¹Ø§Ù…Ø§Ù‹. #Ù…Ù‡Ø³Ø§__Ø§Ù…ÛŒÙ†ÛŒ #hananehkian #mahsaaminii https://t.co/62wayjkbvx,15.811987523300095,viral,285,1354,44807,1.0,2022-09-26 18:07:29,mahsa_amini
1574267053271355393,"Ø¨Ú†Ù‡ Ù‡Ø§ÛŒÛŒ Ú©Ù‡ ÙØ§Ù„ÙˆØ±Ø²ØªÙˆÙ† Ú©Ù…Ù‡ Ùˆ Ù‡Ø´ØªÚ¯Ø§ØªÙˆÙ† Ø¯ÛŒØ¯Ù‡ Ù†Ù…ÛŒØ´Ù‡ØŒ Ù‡Ø´ØªÚ¯ #Ù…Ù‡Ø³Ø§_Ø§Ù…ÛŒÙ†ÛŒ Ù…Ù†Ø´Ù† Ú©Ù†ÛŒØ¯ Ø±ÛŒØªÙˆÛŒÛŒØª Ø¨Ø²Ù†Ù…ğŸ–¤
Ú©Ù…ØªØ±ÛŒÙ† Ú©Ø§Ø±ÛŒ Ù…ÛŒØªÙˆÙ†ÛŒÙ… Ø¨Ú©Ù†ÛŒÙ… Ø­Ù…Ø§ÛŒØª Ø§Ø² Ù‡Ù… ØªÙˆ Ù…Ø¬Ø§Ø²ÛŒ Ùˆ Ú©ÙÙ Ø´Ù‡Ø±.ğŸ¤ğŸ½
#Ù…Ù‡Ø³Ø§_Ø§Ù…ÛŒÙ†ÛŒ 
#mahsaaminii 
#opiran",15.012464789631064,viral,517,638,16978,0.0,2022-09-26 05:18:08,mahsa_amini
1572888438394716160,"if #iran government blocks the people from accessing the internet, #anonymous will block the government from accessing the internet. #opiran #iranprotests #mahsaamini #mahsa_amini #mahsaaminii #Ù…Ù‡Ø³Ø§_Ø§Ù…ÛŒÙ†ÛŒ

https://t.co/zcltxjezlq",26.823262977585365,viral,14085,36423,5558498,0.0,2022-09-22 10:00:01,mahsa_amini
1573818866857381891,Ú†Ù‡Ø§Ø±Ù…ÛŒÙ† Ø·Ø±Ø­ Ù¾ÛŒ Ø¯Ø± Ù¾ÛŒ @angelboligan Ø·Ø±Ø§Ø­ Ù…Ø¹Ø±ÙˆÙ Ø§Ø³Ù¾Ø§Ù†ÛŒØ§ÛŒÛŒ Ø¨Ø±Ø§ÛŒ #Ù…Ù‡Ø³Ø§__Ø§Ù…ÛŒÙ†ÛŒ #mahsaaminii https://t.co/gzlypcu9em,12.65799185801022,viral,122,510,74314,0.0,2022-09-24 23:37:12,mahsa_amini
1573590202584637440,"Ù‡ÛŒÚ† Ø§Ø¨Ø±Ù‚Ø¯Ø±ØªÛŒ Ù†Ù…ÛŒØªÙˆÙ†Ù‡ Ù…Ø§Ù†Ø¹ Ø±Ø³ÛŒØ¯Ù† Ø´Ù…Ø§ Ø¨Ù‡ Ø¢Ø²Ø§Ø¯ÛŒ Ø¨Ø´Ù‡ØŒ Ø¢Ø®ÙˆÙ†Ø¯ Ú¯ÙˆØ²Ùˆ Ùˆ ØªØ±Ø³Ùˆ Ú©Ù‡ Ø§ØµÙ„Ø§ Ù‡ÛŒÚ†!
#Ù…Ù‡Ø³Ø§_Ø§Ù…ÛŒÙ†ÛŒ 
#mahsaaminii",13.505817341237057,viral,292,625,19489,0.0,2022-09-24 08:28:34,mahsa_amini
1573121814007783425,"ÙˆÙ„ÛŒ Ù†Ø¨Ø§ÛŒØ¯ Ø§Ø² ÛŒØ§Ø¯Ù…ÙˆÙ† Ø¨Ø±Ù‡ØŒ Ø§ÛŒÙ†Ù‚Ø¯Ø± Ø¬ÙˆÙˆÙ† Ù…Ø±Ø¯ØŒ Ø§ÛŒÙ†Ù‚Ø¯Ø± Ø§ØªÙØ§Ù‚ Ø§ÙØªØ§Ø¯. Ø§ÛŒÙ†Ù‚Ø¯Ø± ØªØ§ Ø´Ù†ÛŒØ¯Ù† ØµØ¯Ø§ÛŒ Ø§Ø°Ø§Ù† Ø¨Ù„Ù†Ø¯ Ù…ÙˆÙ†Ø¯ÛŒÙ… Ùˆ ØªÙˆÛŒÛŒØª Ø²Ø¯ÛŒÙ…. Ø¬ÙˆÙ†Ù…ÙˆÙ† Ø±Ùˆ Ú¯Ø°Ø§Ø´ØªÛŒÙ… Ú©Ù Ø¯Ø³Øª Ùˆ Ø±ÙØªÛŒÙ… ØªÙˆ Ø®ÛŒØ§Ø¨ÙˆÙ†Ø§!
ØµØ¯Ø§Ù…ÙˆÙ† Ø±Ùˆ Ø¨Ù‡ Ø¬Ù‡Ø§Ù† Ø±Ø³ÙˆÙ†Ø¯ÛŒÙ…....
Ø§ØµÙ„Ø§ Ø¯Ù„Øª Ù…ÛŒØ§Ø¯ ÙØ±Ø§Ù…ÙˆØ´ Ú©Ù†ÛŒØŸ:))
#Ù…Ù‡Ø³Ø§_Ø§Ù…ÛŒÙ†ÛŒ 
#mahsaaminii",18.829737793308727,viral,2509,2855,1484,0.0,2022-09-23 01:27:22,mahsa_amini
1574675630716854272,"Ø¯Ø§Ø±Ù… Ø¨Ù‡ Ø³ÛŒÙ…Ø±Øº Ø¨Ø±Ø§ÛŒ ÙˆØ³Ø· Ù¾Ø±Ú†Ù… ÙÚ©Ø± Ù…ÛŒÚ©Ù†Ù…!
Ù…Ø§ Ù‡Ù…ÙˆÙ† Ø³ÛŒÙ…Ø±ØºÛŒÙ…
#Ù…Ù‡Ø³Ø§_Ø§Ù…ÛŒÙ†ÛŒ 
#mahsaaminii",10.101682458486373,viral,47,126,3807,0.0,2022-09-27 08:21:41,mahsa_amini
1573668955205636098,"a brave woman takes off her scarf and chants: death to the dictator! #shiraz #iran sept 24. 
#iranprotests2022 #iranrevolution #mahsaamini #mahsa_amini #mahsaaminii https://t.co/9tnaej6b4x",10.521372248595528,viral,52,99,22809,1.0,2022-09-24 13:41:30,mahsa_amini
1573812984790540288,"the protests continue with severe clashes between protesters and iranian regime forces. 
#iranrevolution 
#mahsaaminii https://t.co/npthw7uxfv",10.54006438160768,viral,49,83,2793,0.0,2022-09-24 23:13:50,mahsa_amini
1573753793757470722,"Ø¨Ø±Ø§ÛŒ Ø§ÛŒÙ†Ø¬ÙˆØ± Ú†Ø§Ù„Ø´Ø§ÛŒ Ø®ÛŒØ§Ø¨ÙˆÙ†ÛŒ
#opiran 
#mahsaaminii 
#Ø§Ø´Ù†ÙˆÛŒÛ• https://t.co/2abav4pkyo",16.13968178489979,viral,1143,1275,955,0.0,2022-09-24 19:18:38,mahsa_amini
1573276800884408320,"let's do thatğŸ‘ŠğŸ»
#Ù…Ù‡Ø³Ø§_Ø§Ù…ÛŒÙ†ÛŒ 
#mahsaaminii 
#opiran 
#iran https://t.co/kwz0sfl9di",10.461502059104577,viral,83,103,159,0.0,2022-09-23 11:43:14,mahsa_amini
1573650016488591362,"@alinejadmasih hair revolution!
#opiran 
#mahsaaminii https://t.co/hf33kwc8dc",12.076647098089715,viral,91,381,160,0.0,2022-09-24 12:26:15,mahsa_amini
1574142267580993537,"Ø¨Ø±Ø®ÙˆØ±Ø¯ Ø®Ø´Ù† Ø¨Ø§ Ø²Ù†Ø§Ù† ØªÙˆ Ø³ØªØ§Ø±Ø®Ø§Ù† Ø±Ùˆ Ø¨Ø¨ÛŒÙ†ÛŒØ¯. Ø²Ù†Ø§Ù†ÛŒ Ú©Ù‡ Ø­Ù‚Ø´ÙˆÙ† Ø±Ùˆ ÙØ±ÛŒØ§Ø¯ Ù…ÛŒâ€ŒÚ©Ù†Ù†Ø¯ Ùˆ #Ø­Ø¬Ø§Ø¨_Ø§Ø¬Ø¨Ø§Ø±Ù‰ Ù†Ù…ÛŒâ€ŒØ®ÙˆØ§Ù† Ø¬Ù…Ù‡ÙˆØ±ÛŒ Ø§Ø³Ù„Ø§Ù…ÛŒ Ø±Ùˆ  Ù…Ø«Ù„ Ù…Ø§Ø± Ø²Ø®Ù…â€ŒØ®ÙˆØ±Ø¯Ù‡ Ú©Ø±Ø¯Ù†Ø¯ 

#Ù…Ù‡Ø³Ø§_Ø§Ù…ÛŒÙ†ÛŒ 
#mahsaaminii 

 https://t.co/qmetbarapi",15.24660499055363,viral,288,578,18944,1.0,2022-09-25 21:02:17,mahsa_amini
1576686018245193728,"the khomeini regime is after a great massacre at sharif_university.  in tehran, the people gathered in front of #sharifuniversity , chanting ""death to the dictator"" and demanding the release of the students.

#mahsaaminii
#Ù…Ù‡Ø³Ø§_Ø§Ù…ÛŒÙ†ÛŒ
#iranprotests2022 https://t.co/xmqpfokxmb",11.901990151710612,viral,118,154,234,0.0,2022-10-02 21:30:14,mahsa_amini
1573752129315082240,#Ù…Ù‡Ø³Ø§_Ø§ÛŒÙ…Ù†ÛŒ #mahsaaminii this is how brutal polis act in oran against protest for innocent girl #mahsaaminii who has been killed in morality police custody. https://t.co/wo1ajvohpc,11.783952102516372,viral,76,130,0,0.0,2022-09-24 19:12:01,mahsa_amini
1574690005339213824,"solidarno sa Å¾enama irana  
zagreb, 30. 9. u 12 sati. pls rt  
nijedna od nas nije slobodna dok naÅ¡e sestre zlostavljaju i zatvaraju diljem svijeta. pred veleposlanstvom irana u petak u podne Ä‡emo stajati u znak solidarnost sa sestrama #riseforfreedom #mahsaaminii #hadisnajafi https://t.co/lqkba9mhls",10.817696118205959,viral,43,188,25310,0.0,2022-09-27 09:18:48,mahsa_amini
1573820446453207040,"Ø·Ù‡Ø±Ø§Ù† Ø§Ù„Ø¢Ù† Ø§ØºÙ„Ø§Ù‚ Ø¨Ø¹Ø¶ Ø§Ù„Ø·Ø±Ù‚ Ø¨Ø§Ù„Ø¹Ø§ØµÙ…Ø© Ø·Ù‡Ø±Ø§Ù† ÙˆØ³Ø· Ù‡ØªØ§Ù Ø§Ù„Ù…ÙˆØª Ù„Ù„Ø¯ÙŠÙƒØªØ§ØªÙˆØ± Ø§Ù„ØªØ·ÙˆØ±Ø§Øª Ø§Ù„Ù…ÙŠØ¯Ø§Ù†ÙŠØ© ÙÙŠ Ø·Ù‡Ø±Ø§Ù† Ù‡Ø§Ø¦Ù„Ø© 
â§#Ù…Ù‡Ø³Ø§_Ø§Ù…ÙŠÙ†ÙŠ #mahsaaminii #iran #iranrevolution https://t.co/bpjjvat35s",12.112410107618157,viral,126,238,17294,0.0,2022-09-24 23:43:29,mahsa_amini
1573699528183742467,"una ragazza intona â€œbella ciaoâ€ in lingua persiana, un inno universale di libertÃ , solidarietÃ , amore, il grido di dolore delle genti oppresse, dei diritti negati.
una canzone che si puÃ² cantare ovunque, tranne in italia.
#bellaciao #mahsaamini #mahsaaminii #iranprotests2022 https://t.co/ewh3ftcfn4",13.626647653126899,viral,99,486,23553,1.0,2022-09-24 15:43:00,mahsa_amini
1574302451951226880,"we stand together. ğŸ¤ğŸ•ŠâœŠğŸ¼

music by @kingraam 

#mahsa_amini 
#mahsaaminii 
#hadis_najafi 
#Ù…Ù‡Ø³Ø§_Ø§Ù…ÛŒÙ†ÛŒ 
#Ø­Ø¯ÛŒØ«_Ù†Ø¬ÙÛŒ https://t.co/teagrkavlk",12.051521885681577,viral,71,169,23242,0.0,2022-09-26 07:38:48,mahsa_amini
1573484590240772098,"the website of pro-goverment media in iran has been completely crushed. #anonymous #apoist hacker fights for the women freedom in iran.  

#longliveapo
#speechoffreedom
#opiran
#itsec 
#itsecurity 
#hactivism
#bijikurdistan
#mahsaaminii 
#jinelogy
#feminism https://t.co/garqwsjswc",16.017375905803423,viral,453,1531,1549,0.0,2022-09-24 01:28:54,mahsa_amini
1573725571380551680,"Ø¨Ø±Ø§ÛŒ Ø§Ø¹Ø¯Ø§Ù…â€ŒÙ†Ø´Ø¯Ù† Ø§Ù„Ù‡Ø§Ù… Ùˆ Ø³Ø§Ø±Ù‡ØŒ Ø¨Ø±Ø§ÛŒ Ù‡Ù…Ù‡â€ŒÛŒ Ø¹Ø´Ù‚â€ŒÙ‡Ø§ÛŒ Ù…Ù…Ù†ÙˆØ¹Ù‡ Ú©Ù‡ Ù…Ø¬Ø¨ÙˆØ± Ø¨ÙˆØ¯ÛŒÙ… Ù‚Ø§ÛŒÙ… Ú©Ù†ÛŒÙ…ØŒ Ø¨Ø±Ø§ÛŒ Ø¯Ø§Ø´ØªÙ† Ø±Ú˜Ù‡â€ŒÛŒ Ø§ÙØªØ®Ø§Ø± ØªÙˆ Ø´ÛŒØ±Ø§Ø² Ùˆ Ø§ØµÙÙ‡Ø§Ù† Ùˆ ØªØ¨Ø±ÛŒØ² Ùˆ ØªÙ‡Ø±Ø§Ù† Ùˆ Ø´Ù‡Ø±Ú©Ø±Ø¯ Ùˆ Ø³Ù†Ù†Ø¯Ø¬ Ùˆ ÛŒØ²Ø¯ Ùˆâ€¦ 
Ø¨Ø±Ø§ÛŒ Ø§ÛŒÙ†â€ŒÚ©Ù‡ Ù„Ø²Ø¨ÛŒÙ†â€ŒØ¨ÙˆØ¯Ù†ØŒ Ú¯ÛŒâ€Œâ€ŒØ¨ÙˆØ¯Ù†ØŒ ØªØ±Ù†Ø³â€ŒØ¨ÙˆØ¯Ù† Ùˆâ€¦ Ø¬Ø±Ù… Ù†ÛŒØ³ØªØŒ Ø¨Ø±Ø§ÛŒ Ø±Ù†Ú¯ÛŒÙ†â€ŒÚ©Ù…Ø§Ù†ÛŒâ€ŒÙ‡Ø§ÛŒ Ø§ÛŒØ±Ø§Ù†ğŸŒˆ #mahsaaminii #opiran https://t.co/1pjnxhwn7j",10.35736179985198,viral,63,122,31554,1.0,2022-09-24 17:26:29,mahsa_amini
1574076287009832963,#mahsaaminii                                      #Ù†ÛŒÙ„ÙˆÙØ±_Ø­Ø§Ù…Ø¯ÛŒ   Ø±Ø§ Ø¢Ø²Ø§Ø¯ Ú©Ù†ÛŒØ¯ https://t.co/bqckecvfrr,12.273880815535367,viral,167,181,74,0.0,2022-09-25 16:40:06,mahsa_amini
1573447711608934400,Ø´ÛŒØ±Ø§Ø² - Ù¾ÛŒÙˆØ³ØªÙ† Ø³Ø±Ù‡Ù†Ú¯ÛŒ Ø§Ø² Ù†Ø§Ø¬Ø§  Ø¨Ù‡ Ù…Ø±Ø¯Ù…. #Ù…Ù‡Ø³Ø§_Ø§Ù…ÛŒÙ†ÛŒ  #opiran  #mahsaaminii https://t.co/9sj2ignx8r,11.177452728682098,viral,64,109,213,0.0,2022-09-23 23:02:22,mahsa_amini
1573815234128658433,"Ø¨Ø±Ø§ÛŒ #Ø­Ø§Ù…Ø¯_Ø§Ø³Ù…Ø§Ø¹ÛŒÙ„ÛŒÙˆÙ† Ú©Ù‡ Ø¯Ø± ÛŒÚ© Ø´Ø¨ Û±Û°Û° Ø³Ø§Ù„ Ù¾ÛŒØ± Ø´Ø¯.
#Ù…Ù‡Ø³Ø§_Ø§Ù…ÛŒÙ†ÛŒ #mahsaaminii #opiran https://t.co/nf0bowwbb9",13.066326217077593,viral,293,803,883,0.0,2022-09-24 23:22:46,mahsa_amini
1573711234389741568,"a woman gave your life to you, why do you take womenâ€™s lives?
woman - life - freedom!
 #mahsaaminii  
#Ù…Ù‡Ø³Ø§_Ø§Ù…ÛŒÙ†ÛŒ https://t.co/4lmulxa1tq",12.553943950912757,viral,126,222,112,0.0,2022-09-24 16:29:31,mahsa_amini
1573727748459298816,"#iran manifestantes ""pacÃ­ficos"" acuchillando policÃ­as, lanzando cÃ³cteles molotov a los bomberos, armados hasta con granadas... ğŸ˜ˆ
#mahsaaminii #irÃ¡n #iranprotests https://t.co/j15ulywdnh",10.270211832327862,viral,77,73,8181,0.0,2022-09-24 17:35:08,mahsa_amini
1575100660990627845,"the anti-kurdish propaganda media in iran still has been crushed. #anonymous #apoist hacker fights for the women and people's rights in iran. #jinjiyanazadi

#kurd
#bijikurdistan
#longliveapo
#kurdistan
#iranprotest2022
#irib
#opiran 
#mahsaaminii 
#jinelogy
#feminism https://t.co/d2sxh3pcum",15.750850755669854,viral,389,1109,1549,0.0,2022-09-28 12:30:36,mahsa_amini
1573715598898790400,"the islamic republic is entering assad mode and is shelling #iran.

how many lives could have saved if the world had responded to assad's crimes instead of allowing a precedent.

#iranprotests2022 #mahsaaminii #mahsa_amini  #Ù…Ù‡Ø³Ø§_Ø§Ù…ÛŒÙ†ÛŒ #iranrevolution 

https://t.co/5hisbv7oak",17.161875864819134,viral,590,1656,5558498,0.0,2022-09-24 16:46:51,mahsa_amini
1574875771096678401,"**we can do it,trust me**âŒğŸ™ğŸ¼
#mahsaaminii 
#opiran 
#Ù…Ù‡Ø³Ø§_Ø§Ù…ÛŒÙ†ÛŒ https://t.co/hbqfzxj1sp",10.15657818021829,viral,55,91,3,0.0,2022-09-27 21:36:58,mahsa_amini
1573606400361635841,be their voiceğŸ‡³ğŸ‡´ #mahsaaminii #iranprotests2022 https://t.co/oaf2urwu7y,11.993498045565197,viral,104,307,7365,1.0,2022-09-24 09:32:56,mahsa_amini
1572671356159803392,"Ø§Ù‡Ø§ÛŒ Ù…Ù„Øª 
Ø´ÛŒÙØª Ø´Ø¨ÛŒØ§ ØªØ±Ù†Ø¯Ø´ Ú©Ù†ÛŒØ¯ Ø¯Ø§Ø±Ù† ÙˆØ§ÛŒÙØ§ÛŒÙˆ Ù‡Ù… Ù‚Ø·Ø¹ Ù…ÛŒÚ©Ù†Ù† Ø¨Ø¯ÙˆÙ†Ù† Ù†ÛŒØ³ØªÛŒÙ… Ù†Øª Ù†Ø¯Ø§Ø±ÛŒÙ… 
#internetshutdown
#mahsaaminii",11.056588026488308,viral,287,109,1898,0.0,2022-09-21 19:37:24,mahsa_amini
1574132661773561856,"this is war â€¦.
fight #fight fight
victory âœŒï¸ comingâ€¦
#mahsamini 
#mahsaaminii 
#Ù…Ù‡Ø³Ø§_Ø§Ù…ÛŒÙ†ÛŒ 
#Ø­Ø¯ÛŒØ«_Ù†Ø¬ÙÛŒ #Ø§Ø´Ù†ÙˆÛŒÙ‡ 
#opiran 
#anonymous https://t.co/9yhvzibdwf",12.577691372854508,viral,158,303,303,0.0,2022-09-25 20:24:07,mahsa_amini
1573583549097181185,"Ù…Ú¯Ù‡ Ù…Ø§Ù‡Ø§ Ú†Ù†Ø¯ Ø³Ø§Ù„Ù…ÙˆÙ†Ù‡ Ú©Ù‡ Ø§Ù†Ù‚Ø¯Ø±Ø±Ø± Ø­Ø³Ø±Øª Ùˆ Ø¢Ø±Ø²Ùˆ Ø¯Ø§Ø±ÛŒÙ… Ùˆ Ø¨Ø±Ø§ÛŒ Ú¯ÙØªÙ†Ù…ÙˆÙ† ØªÙ…ÙˆÙ…ÛŒ Ù†Ø¯Ø§Ø±Ù‡ 
Ø¨Ø±Ø§ÛŒ Ù¾Ø³ Ú¯Ø±ÙØªÙ† Ø§Ø±Ø²Ùˆ Ù‡Ø§Ù…ÙˆÙ† 
#Ù…Ù‡Ø³Ø§_Ø§Ù…ÛŒÙ†ÛŒ 
#mahsaaminii",10.267852849758867,viral,121,58,2349,0.0,2022-09-24 08:02:08,mahsa_amini
1573713432708268032,"another victim by the name of hananeh kian was brutally murdered yesterday by the police because she refused to wear a hijab in the protest of #mahsaaminii we need to serve justice for the victims! #hananehkian #iran #opiran #anonymous. you are not alone, everyone fights for iran https://t.co/z5qbqhrllx",12.683548289614611,viral,129,309,451,0.0,2022-09-24 16:38:15,mahsa_amini
1572606306607050755,"Ø§Ù„Ù…ØªØ¸Ø§Ù‡Ø±ÙˆÙ† Ù…Ù† Ø§Ù„Ø´Ø¹Ø¨ Ø§Ù„Ø¥ÙŠØ±Ø§Ù†ÙŠ ÙŠØ·Ø§Ù„Ø¨ÙˆÙ† Ø¨Ø§Ù„Ø­Ø±ÙŠØ©
#Ø§Ø¹ØªØ±Ø§Ø¶Ø§Øª_Ø³Ø±Ø§Ø³Ø±ÛŒ 
#mahsaaminii 
 #Ù…Ù‡Ø³Ø§_Ø§Ù…ÛŒÙ†ÛŒ
#iranprotests 
#iranprotest https://t.co/yduer8lwwj",12.294303278924533,viral,122,147,736541,1.0,2022-09-21 15:18:55,mahsa_amini
1573204513678364672,"Ø¨Ø®Ø§Ø·Ø± Ø¯Ø±ÛŒØ§Ú†Ù‡ Ø§Ø±ÙˆÙ…ÛŒÙ‡
 ØªØ§Ù„Ø§Ø¨ Ø§Ù†Ø²Ù„ÛŒ 
ØªØ§Ù„Ø§Ø¨ Ø¨Ø®ØªÚ¯Ø§Ù† 
ØªØ§Ù„Ø§Ø¨ Ú¯Ø§ÙˆØ®ÙˆÙ†ÛŒ Ùˆ ...  
Ø¨Ø®Ø§Ø·Ø± Ø¬Ù†Ú¯Ù„ Ù‡ÛŒØ±Ú©Ø§Ù†ÛŒ 
Ø¬Ù†Ú¯Ù„ Ø²Ø§Ú¯Ø±Ø³ 
Ú©Ù‡ Ù‡Ù…Ú¯ÛŒ Ù†Ø§Ø¨ÙˆØ¯ Ø´Ø¯  
  #Ù…Ù‡Ø³Ø§_Ø§Ù…ÛŒÙ†ÛŒ #mahsaaminii",12.821106921814284,viral,130,352,5195,0.0,2022-09-23 06:55:59,mahsa_amini
1573782481890844674,"#opiran #mahsaamini #mahsaaminii #iranprotests2022 #iranrevolution #anonymous 

revolution strikes back! #freeiran ! https://t.co/j4ya59yibn",10.584764560525587,viral,71,182,12019,0.0,2022-09-24 21:12:37,mahsa_amini
1574034426895470592,"â€œno es tradiciÃ³n 
son derechos humanosâ€ 

âœ’ï¸no te pierdas espectacular 
el coro de jazz dla universidad de boÄŸaziÃ§i  ğŸ‘‡

âœ’ï¸difunde y apoya la lucha de las #mujeresiranies #mahsaaminii #iran 
#iranprotests2022 

 https://t.co/so6v86lykb",10.13745234248192,viral,77,107,63653,0.0,2022-09-25 13:53:46,mahsa_amini
1574099752676773888,"detained activist @hosseinronaghi in a short call from prison to his mother zoleikha mousavi  @mousavinazi managed to share that when the guards beat him up they broke his leg. 

the regime can break his body but never his spirit!

#mahsaaminii 
#iranprotests2022
#Ù…Ù‡Ø³Ø§_Ø§Ù…ÛŒÙ†ÛŒ",14.528667697266926,viral,362,802,4758,0.0,2022-09-25 18:13:21,mahsa_amini
1573378664401883136,"#anonymous
#opiran
#freeiranã€€ğŸ‡®ğŸ‡·
#violenceagainstwomen 
#mahsaaminii
ministry of information and communications technology
#tangodown
ict gov ir
https://t.co/0drfe9vjki https://t.co/76fetnyzcd",22.371666056842226,viral,3131,10245,142294,0.0,2022-09-23 18:28:00,mahsa_amini
1574362201703464960,"Ø¯ÛŒØ´Ø¨ #Ø³Ù†Ù†Ø¯Ø¬ Ø®ÛŒØ§Ø¨Ø§Ù† Ø³ÛŒØ±ÙˆØ³ ØµØ­Ù†Ù‡ Ø¬Ù†Ú¯ ÙˆØ§Ù‚Ø¹ÛŒ Ø¨ÙˆØ¯.ğŸ˜ğŸ’ªâœŠ
Ø§Ù…Ø´Ø¨ Ø¨Ø³ÛŒØ§Ø± Ø´Ø¯ÛŒØ¯ØªØ± Ø§Ø² Ø¯ÛŒØ´Ø¨ Ø®ÙˆØ§Ù‡Ø¯ Ø¨ÙˆØ¯.
Ø§Ù…Ø´Ø¨ Ø¨Ø±Ø§ÛŒ Ù†ÛŒØ±ÙˆÙ‡Ø§ÛŒ Ø³Ø±Ú©ÙˆØ¨Ú¯Ø± Ø³Ù†Ù†Ø¯Ø¬ Ø³ÙˆØ±Ù¾Ø±Ø§ÛŒØ² Ø¯Ø§Ø±ÛŒÙ….ğŸ’ªğŸ”¥ğŸ”¥ğŸ’¥
#iran
#opiran
#mahsaaminii
#Ù…Ù‡Ø³Ø§Ø§Ù…ÛŒÙ†ÛŒ https://t.co/kkaxqhkpnr",15.057066966881477,viral,237,660,1115,0.0,2022-09-26 11:36:13,mahsa_amini
1573592347388121089,"Ø¨Ø±Ø§ÛŒ Ø¢ÛŒÙ†Ø¯Ù‡â€ŒÛŒ Ø®ÙˆØ§Ù‡Ø± Ú†Ù‡Ø§Ø±Ø¯Ù‡ Ø³Ø§Ù„Ù‡â€ŒØ§Ù…...
#Ù…Ù‡Ø³Ø§_Ø§Ù…ÛŒÙ†ÛŒ 
#mahsaaminii 
#opiran",11.635178495298064,viral,128,437,2272,0.0,2022-09-24 08:37:06,mahsa_amini
1574669460610469889,"Ø§Ù…Ø±ÙˆØ² ØªÙˆ Ù…ØªØ±Ùˆ Ù…Ø´Ù‡Ø¯ Ù‡Ø±Ú©Ø³ÛŒ Ù‡Ø±Ø¬ÙˆØ± Ø¯ÙˆØ³Øª Ø¯Ø§Ø´Øª Ø¨ÙˆØ¯ ÛŒÚ©ÛŒ Ø´Ø§Ù„Ø´Ùˆ Ø¯Ø±Ø¢ÙˆØ±Ø¯Ù‡ Ø¨ÙˆØ¯ ÛŒÚ©ÛŒ Ø¨Ø§ Ú†Ø§Ø¯Ø± Ø¨ÙˆØ¯ Ú†Ù‚Ø¯ ØªØµÙˆÛŒØ±Ù‡ Ù‚Ø´Ù†Ú¯ÛŒ Ø¨ÙˆØ¯ :)))

#opiran 
#mahsaaminii 
#Ù…Ù‡Ø³Ø§_Ø§Ù…ÛŒÙ†ÛŒ",10.875818295292957,viral,192,136,877,0.0,2022-09-27 07:57:10,mahsa_amini
1574839446926757903,"der westen muss die protestierenden im #iran unterstÃ¼tzen, sagt alice schwarzer #iranrevolution #iranprotests2022 #mahsaaminii #mahsaamini #Ù…Ù‡Ø³Ø§_Ø§Ù…ÛŒÙ†ÛŒ https://t.co/maihyaklea",11.78805407135039,viral,94,197,8564,0.0,2022-09-27 19:12:37,mahsa_amini
1572681876829048832,"nÃ¤r gÃ¥r svenska feminister och kÃ¤ndisar ut pÃ¥ sveriges gator och bÃ¶rjar skandera ""brÃ¤nn slÃ¶jorna""? i internationell solidaritet med flickor och kvinnor som fÃ¶rtrycks av islamister. dags fÃ¶r brÃ¤nn slÃ¶jan-demos! gick ju bra nÃ¤r det var blm... #svpol #mahsaaminii https://t.co/fzljzkkvka",12.301555537691586,viral,90,805,77018,0.0,2022-09-21 20:19:13,mahsa_amini
1572628025665257473,"this picture and this brave woman will remain in the history. being silent, she is sitting without hijab right in front of the special forces.
be the voice of iranian people. the internet is shut down by the government.
#mahsaamini 
#mahsaaminii 
#Ù…Ù‡Ø³Ø§_Ø§Ù…ÛŒÙ†ÛŒ 
#iranprotests2022 https://t.co/e2rm4kdmem",19.788723859760495,viral,1354,3813,556,0.0,2022-09-21 16:45:13,mahsa_amini
1572823522199715841,"the mother of zakaria khial, a 16-year-old #iranian  woman from piran-shahr shot by government soldiers during tuesday, september 20 protests over #mahsa_aminiâ€™s murder, wails at the loss of his son. #iranprotests #iranprotests2022 #mahsaaminii https://t.co/5ped3s63vr",15.060860402743968,viral,264,569,22809,1.0,2022-09-22 05:42:03,mahsa_amini
1572668239905427458,"this is how ladies in iran are brave ğŸ‡®ğŸ‡· 
#mahsaamini #mahsaaminii #iranprotests #Ù…Ù‡Ø³Ø§_Ø§Ù…ÛŒÙ†ÛŒ 
#Ù…Ù‡Ø³Ø§_Ø§Ù…ÛŒÙ†ÛŒ https://t.co/nxqu8oijpk",11.2551904688864,viral,69,275,40917,0.0,2022-09-21 19:25:01,mahsa_amini
1572960409178591233,"a woman old enough to remember freedom for women removes her hijab in #iran. 

#iranianwomen #walkingunveiled 

#iranprotests #Ù…Ù‡Ø³Ø§_Ø§Ù…ÛŒÙ†ÛŒ #iranprotests #mahsaamini #mahsa_amini #mahsaaminii https://t.co/chbsbp1xzo",22.297120508595953,viral,2974,10136,5558498,0.0,2022-09-22 14:46:00,mahsa_amini
1573716880187080708,the real iran is coming back.. #opiran #Ù…Ù‡Ø³Ø§_Ø§Ù…ÛŒÙ†ÛŒ #mahsaaminii https://t.co/o1b7rmyjdl,11.0805412675108,viral,95,168,7,0.0,2022-09-24 16:51:57,mahsa_amini
1572650071153582081,"ØªØ§ Ø§ÛŒÙ†ØªØ±Ù†Øª Ù‚Ø·Ø¹ Ù†Ø´Ø¯Ù‡ Ú†Ù†Ø¯ØªØ§ Ù‡Ø´ØªÚ¯ Ø¨Ø²Ù†ÛŒÙ… 
#Ù…Ù‡Ø³Ø§_Ø§Ù…ÛŒÙ†ÛŒ 
#mahsaaminii https://t.co/hvcjvxeqpw",11.861100385850829,viral,103,226,10941,0.0,2022-09-21 18:12:50,mahsa_amini
